Graduating class,Company/Org sector
2017,Biotechnology/Pharmaceuticals
2017,Tech/Software
2017,
2017,Academia
2017,Finance
2017,Tech/Software
2017,
2017,Philanthropy/Welfare/Nonprofit
2017,Finance
2017,Business Consulting/Strategy
2017,Tech/Software
2017,Finance
2017,Politics/Government
2017,Engineering
2017,Academia
2017,Academia
2017,Finance
2017,Engineering
2017,Engineering
2017,Education
2017,Arts/Media
2017,Education
2017,Entertainment
2017,Philanthropy/Welfare/Nonprofit
2017,
2017,Tech/Software
2017,Tech/Software
2017,Finance
2017,Tech/Software
2017,Health
2017,Tech/Software
2017,
2017,Education
2017,
2017,
2017,
2017,
2017,
2017,Arts/Media
2017,
2017,Entertainment
2017,Tech/Software
2017,Tech/Software
2017,Tech/Software
2017,
2017,
2017,Engineering
2017,Academia
2017,
2017,
2017,Finance
2017,
2017,Business Consulting/Strategy
2017,
2017,Research
2017,Academia
2017,
2017,
2017,Law
2017,
2017,
2017,Other
2017,Tech/Software
2017,Other
2017,
2017,
2017,
2017,
2017,Marketing/Public Relations
2017,Tech/Software
2017,Finance
2017,Academia
2017,Tech/Software
2017,Education
2018,Entertainment
2018,Philanthropy/Social Good/Nonprofit
2018,Tech/Software
2018,Marketing/Public Relations
2018,Finance
2018,
2018,Finance
2018,Education
2018,
2018,Research
2018,
2018,Arts/Media
2018,Tech/Software
2018,Academia
2018,
2018,
2018,Business Consulting/Strategy
2018,Engineering
2018,Business Consulting/Strategy
2018,Tech/Software
2018,
2018,
2018,
2018,Academia
2018,Academia
2018,Tech/Software
2018,Health
2018,Engineering
2018,
2018,Tech/Software
2018,Tech/Software
2018,Finance
2018,Arts/Media
2018,
2018,Tech/Software
2018,
2018,Politics/Government
2018,Arts/Media
2018,Philanthropy/Social Good/Nonprofit
2018,Education
2018,Finance
2018,Engineering
2018,Philanthropy/Social Good/Nonprofit
2018,Other
2018,Education
2018,Tech/Software
2018,Education
2018,Philanthropy/Social Good/Nonprofit
2018,Marketing/Public Relations
2018,Research
2018,
2018,Business Consulting/Strategy
2018,
2018,
2018,
2018,
2018,Health
2018,Other
2018,
2018,Finance
2018,Business Consulting/Strategy
2018,Other
2018,Law
2018,
2018,Engineering
2018,Education
2018,
2018,Academia
2018,
2018,
2018,Academia
2018,Tech/Software
2018,Engineering
2018,
2018,Entertainment
2018,Philanthropy/Social Good/Nonprofit
2018,
2018,Academia
2018,Academia
2019,Tech/Software
2019,Law
2019,
2019,Entertainment
2019,Tech/Software
2019,
2019,Research
2019,Philanthropy/Social Good/Nonprofit
2019,Philanthropy/Social Good/Nonprofit
2019,Education
2019,Engineering
2019,Tech/Software
2019,Tech/Software
2019,Education
2019,Tech/Software
2019,
2019,Engineering
2019,Tech/Software
2019,
2019,Academia
2019,Engineering
2019,Academia
2019,Education
2019,Other
2019,Marketing/Public Relations
2019,Politics/Government
2019,
2019,Engineering
2019,Academia
2019,Tech/Software
2019,Tech/Software
2019,Finance
2019,Business Consulting/Strategy
2019,Academia
2019,Tech/Software
2019,Tech/Software
2019,Education
2019,
2019,Biotechnology/Pharmaceuticals
2019,Tech/Software
2019,
2019,Engineering
2019,Health
2019,Business Consulting/Strategy
2019,Business Consulting/Strategy
2019,Education
2019,Tech/Software
2019,Academia
2019,
2019,Business Consulting/Strategy
2019,Tech/Software
2019,Engineering
2019,Tech/Software
2019,Engineering
2019,Academia
2019,Tech/Software
2019,Finance
2019,
2019,
2019,Entertainment
2019,Academia
2019,Academia
2019,Arts/Media
2019,
2019,Academia
2019,Education
2019,Academia
2019,
2019,
2019,
2019,
2019,Tech/Software
2019,Tech/Software
2019,
2019,Health
2020,Academia
2020,Academia
2020,
2020,Other
2020,Health
2020,
2020,Other
2020,Entertainment
2020,
2020,
2020,Finance
2020,Research
2020,
2020,
2020,Tech/Software
2020,
2020,
2020,Other
2020,Other
2020,
2020,Tech/Software
2020,Law
2020,Education
2020,Engineering
2020,Academia
2020,
2020,
2020,
2020,Business Consulting/Strategy
2020,
2020,Research
2020,Finance
2020,Law
2020,Academia
2020,Engineering
2020,
2020,
2020,
2020,Tech/Software
2020,Other
2020,Tech/Software
2020,Academia
2020,
2020,Biotechnology/Pharmaceuticals
2020,Academia
2020,Tech/Software
2020,Academia
2020,Tech/Software
2020,Academia
2020,
2020,Engineering
2020,
2020,Business Consulting/Strategy
2020,
2020,Tech/Software
2020,Tech/Software
2020,Health
2020,
2020,Engineering
2020,Health
2020,Academia
2020,Finance
2020,Education
2020,
2020,
2020,
2020,Tech/Software
2020,
2020,Finance
2020,
2020,Entertainment
2020,Business Consulting/Strategy
2020,Tech/Software
2020,Politics/Government
2020,Tech/Software
2020,
2020,Education
2020,Finance
2020,Finance
2020,
2020,Education
2020,Engineering
2020,Finance
2020,Engineering
2020,Biotechnology/Pharmaceuticals
2020,Biotechnology/Pharmaceuticals
2020,
2020,
2020,Engineering
2020,Finance
2020,Tech/Software
2020,Tech/Software
2021,Engineering
2021,
2021,Engineering
2021,Tech/Software
2021,Academia
2021,Engineering
2021,Tech/Software
2021,Journalism
2021,
2021,
2021,Education
2021,Tech/Software
2021,
2021,Engineering
2021,
2021,
2021,Academia
2021,
2021,
2021,
2021,Other
2021,Academia
,
2021,Health
2021,
2021,Arts/Media
2021,
2021,
2021,
2021,
2021,
2021,Engineering
2021,Education
2021,Academia
2021,Education
2021,
2021,Tech/Software
2021,
2021,
2021,
2021,Engineering
2021,
2021,
2021,
2021,
2021,
2021,Tech/Software
2021,
2021,Politics/Government
2021,
2021,
2021,
2021,
2021,
2021,
2021,Other
2021,Research
2021,
2021,
2021,Engineering
2021,
2021,Engineering
2021,Other
2021,
2021,
2021,Academia
2021,Politics/Government
2021,
2021,Finance
2021,Tech/Software
2021,
2021,Tech/Software
2021,
2021,
2021,Tech/Software
2021,
2021,
2021,
2021,Engineering
2021,
2021,Education
2021,Academia
2021,
2021,Tech/Software
2021,
2021,Other
2021,Academia
2021,Finance
2021,Tech/Software
2021,
2021,Tech/Software
2021,Academia
2021,
2021,Education
2021,Engineering
2021,Other
2021,Tech/Software