Graduating class,Company/Org sector,Current job position/professional engagement sector
2017,Biotechnology/Pharmaceuticals,Finance
2017,Tech/Software,Tech/Software
2017,,
2017,Academia,"Research - Engineering, Computational, Mathmatical, Physical Sciences"
2017,Finance,Finance
2017,Tech/Software,Internal Communications/Management/Administration
2017,,Law
2017,Philanthropy/Welfare/Nonprofit,Research - Interdisciplinary
2017,Finance,Tech/Software
2017,Business Consulting/Strategy,Business Consulting/Strategy
2017,Tech/Software,Product & Strategy (non-technical)
2017,Finance,Finance
2017,Politics/Government,Internal Communications/Management/Administration
2017,Engineering,Other
2017,Academia,"Research - Engineering, Computational, Mathmatical, Physical Sciences"
2017,Academia,"Research - Engineering, Computational, Mathmatical, Physical Sciences"
2017,Finance,Finance
2017,Engineering,Other
2017,Engineering,Marketing/Public Relations
2017,Education,Education
2017,Arts/Media,Arts/Media
2017,Education,Education
2017,Entertainment,Internal Communications/Management/Administration
2017,Philanthropy/Welfare/Nonprofit,Internal Communications/Management/Administration
2017,,
2017,Tech/Software,Tech/Software
2017,Tech/Software,Marketing/Public Relations
2017,Finance,Product & Strategy (non-technical)
2017,Tech/Software,Tech/Software
2017,Health,Research - Interdisciplinary
2017,Tech/Software,Tech/Software
2017,,
2017,Education,Education
2017,,
2017,,
2017,,Arts/Media
2017,,Engineering
2017,,
2017,Arts/Media,Marketing/Public Relations
2017,,Law
2017,Entertainment,Arts/Media
2017,Tech/Software,Internal Communications/Management/Administration
2017,Tech/Software,Internal Communications/Management/Administration
2017,Tech/Software,Tech/Software
2017,,Finance
2017,,Law
2017,Engineering,Engineering
2017,Academia,Research - Life Sciences
2017,,Arts/Media
2017,,
2017,Finance,Finance
2017,,
2017,Business Consulting/Strategy,Business Consulting/Strategy
2017,,Health
2017,Research,Engineering
2017,Academia,Research - Interdisciplinary
2017,,Law
2017,,
2017,Law,Law
2017,,
2017,,
2017,Other,Other
2017,Tech/Software,Tech/Software
2017,Other,Finance
2017,,
2017,,
2017,,Health
2017,,
2017,Marketing/Public Relations,Marketing/Public Relations
2017,Tech/Software,Tech/Software
2017,Finance,Finance
2017,Academia,Internal Communications/Management/Administration
2017,Tech/Software,UI/UX/Product Design/CAD
2017,Education,Education
2018,Entertainment,Law
2018,Philanthropy/Social Good/Nonprofit,Journalism
2018,Tech/Software,Tech/Software
2018,Marketing/Public Relations,Marketing/Public Relations
2018,Finance,Finance
2018,,
2018,Finance,Research - Interdisciplinary
2018,Education,Education
2018,,
2018,Research,"Research - Engineering, Computational, Mathmatical, Physical Sciences"
2018,,
2018,Arts/Media,Arts/Media
2018,Tech/Software,Internal Communications/Management/Administration
2018,Academia,Research - Social Sciences & Humanities
2018,,Health
2018,,
2018,Business Consulting/Strategy,Business Consulting/Strategy
2018,Engineering,Tech/Software
2018,Business Consulting/Strategy,Business Consulting/Strategy
2018,Tech/Software,UI/UX/Product Design/CAD
2018,,
2018,,
2018,,
2018,Academia,Research - Interdisciplinary
2018,Academia,Research - Social Sciences & Humanities
2018,Tech/Software,Marketing/Public Relations
2018,Health,Product & Strategy (non-technical)
2018,Engineering,Engineering
2018,,
2018,Tech/Software,Tech/Software
2018,Tech/Software,Tech/Software
2018,Finance,Finance
2018,Arts/Media,Arts/Media
2018,,
2018,Tech/Software,Tech/Software
2018,,
2018,Politics/Government,Politics/Government
2018,Arts/Media,Arts/Media
2018,Philanthropy/Social Good/Nonprofit,Research - Interdisciplinary
2018,Education,Education
2018,Finance,Finance
2018,Engineering,Engineering
2018,Philanthropy/Social Good/Nonprofit,Other
2018,Other,Tech/Software
2018,Education,Education
2018,Tech/Software,Internal Communications/Management/Administration
2018,Education,Education
2018,Philanthropy/Social Good/Nonprofit,Product & Strategy (non-technical)
2018,Marketing/Public Relations,Marketing/Public Relations
2018,Research,Internal Communications/Management/Administration
2018,,
2018,Business Consulting/Strategy,Other
2018,,
2018,,
2018,,Law
2018,,
2018,Health,Research - Life Sciences
2018,Other,"Research - Engineering, Computational, Mathmatical, Physical Sciences"
2018,,
2018,Finance,Finance
2018,Business Consulting/Strategy,Engineering
2018,Other,Internal Communications/Management/Administration
2018,Law,Law
2018,,
2018,Engineering,Engineering
2018,Education,Education
2018,,
2018,Academia,Research - Life Sciences
2018,,
2018,,
2018,Academia,Tech/Software
2018,Tech/Software,Tech/Software
2018,Engineering,Engineering
2018,,Research - Life Sciences
2018,Entertainment,Arts/Media
2018,Philanthropy/Social Good/Nonprofit,Marketing/Public Relations
2018,,Health
2018,Academia,"Research - Engineering, Computational, Mathmatical, Physical Sciences"
2018,Academia,"Research - Engineering, Computational, Mathmatical, Physical Sciences"
2019,Tech/Software,Tech/Software
2019,Law,Internal Communications/Management/Administration
2019,,
2019,Entertainment,Other
2019,Tech/Software,Tech/Software
2019,,Health
2019,Research,Research - Interdisciplinary
2019,Philanthropy/Social Good/Nonprofit,Law
2019,Philanthropy/Social Good/Nonprofit,Internal Communications/Management/Administration
2019,Education,Education
2019,Engineering,Engineering
2019,Tech/Software,UI/UX/Product Design/CAD
2019,Tech/Software,Tech/Software
2019,Education,Education
2019,Tech/Software,Tech/Software
2019,,
2019,Engineering,Engineering
2019,Tech/Software,Business Consulting/Strategy
2019,,
2019,Academia,Research - Life Sciences
2019,Engineering,Engineering
2019,Academia,Research - Life Sciences
2019,Education,UI/UX/Product Design/CAD
2019,Other,UI/UX/Product Design/CAD
2019,Marketing/Public Relations,Marketing/Public Relations
2019,Politics/Government,Marketing/Public Relations
2019,,
2019,Engineering,Engineering
2019,Academia,"Research - Engineering, Computational, Mathmatical, Physical Sciences"
2019,Tech/Software,Tech/Software
2019,Tech/Software,Tech/Software
2019,Finance,Finance
2019,Business Consulting/Strategy,Business Consulting/Strategy
2019,Academia,Research - Social Sciences & Humanities
2019,Tech/Software,Tech/Software
2019,Tech/Software,Tech/Software
2019,Education,Education
2019,,Other
2019,Biotechnology/Pharmaceuticals,Research - Life Sciences
2019,Tech/Software,Tech/Software
2019,,Health
2019,Engineering,Tech/Software
2019,Health,Health
2019,Business Consulting/Strategy,Finance
2019,Business Consulting/Strategy,Business Consulting/Strategy
2019,Education,Education
2019,Tech/Software,Internal Communications/Management/Administration
2019,Academia,Research - Interdisciplinary
2019,,
2019,Business Consulting/Strategy,Business Consulting/Strategy
2019,Tech/Software,Tech/Software
2019,Engineering,Engineering
2019,Tech/Software,Tech/Software
2019,Engineering,Engineering
2019,Academia,"Research - Engineering, Computational, Mathmatical, Physical Sciences"
2019,Tech/Software,Tech/Software
2019,Finance,Finance
2019,,
2019,,
2019,Entertainment,Product & Strategy (non-technical)
2019,Academia,"Research - Engineering, Computational, Mathmatical, Physical Sciences"
2019,Academia,Research - Interdisciplinary
2019,Arts/Media,Other
2019,,
2019,Academia,"Research - Engineering, Computational, Mathmatical, Physical Sciences"
2019,Education,Education
2019,Academia,"Research - Engineering, Computational, Mathmatical, Physical Sciences"
2019,,
2019,,
2019,,Law
2019,,
2019,Tech/Software,Finance
2019,Tech/Software,Tech/Software
2019,,
2019,Health,Tech/Software
2020,Academia,"Research - Engineering, Computational, Mathmatical, Physical Sciences"
2020,Academia,"Research - Engineering, Computational, Mathmatical, Physical Sciences"
2020,,
2020,Other,Finance
2020,Health,Research - Life Sciences
2020,,
2020,Other,Research - Interdisciplinary
2020,Entertainment,Product & Strategy (non-technical)
2020,,
2020,,
2020,Finance,Tech/Software
2020,Research,Research - Interdisciplinary
2020,,
2020,,
2020,Tech/Software,Tech/Software
2020,,
2020,,
2020,Other,Internal Communications/Management/Administration
2020,Other,Engineering
2020,,
2020,Tech/Software,Tech/Software
2020,Law,Law
2020,Education,Tech/Software
2020,Engineering,Engineering
2020,Academia,Research - Life Sciences
2020,,
2020,,
2020,,
2020,Business Consulting/Strategy,Business Consulting/Strategy
2020,,Arts/Media
2020,Research,Research - Interdisciplinary
2020,Finance,UI/UX/Product Design/CAD
2020,Law,Law
2020,Academia,"Research - Engineering, Computational, Mathmatical, Physical Sciences"
2020,Engineering,Engineering
2020,,
2020,,
2020,,
2020,Tech/Software,Research - Interdisciplinary
2020,Other,Internal Communications/Management/Administration
2020,Tech/Software,Tech/Software
2020,Academia,"Research - Engineering, Computational, Mathmatical, Physical Sciences"
2020,,
2020,Biotechnology/Pharmaceuticals,Research - Life Sciences
2020,Academia,Research - Life Sciences
2020,Tech/Software,Tech/Software
2020,Academia,"Research - Engineering, Computational, Mathmatical, Physical Sciences"
2020,Tech/Software,Tech/Software
2020,Academia,Internal Communications/Management/Administration
2020,,Health
2020,Engineering,Engineering
2020,,
2020,Business Consulting/Strategy,Business Consulting/Strategy
2020,,
2020,Tech/Software,Tech/Software
2020,Tech/Software,Tech/Software
2020,Health,Research - Interdisciplinary
2020,,Internal Communications/Management/Administration
2020,Engineering,Tech/Software
2020,Health,Research - Life Sciences
2020,Academia,"Research - Engineering, Computational, Mathmatical, Physical Sciences"
2020,Finance,Finance
2020,Education,Education
2020,,
2020,,
2020,,
2020,Tech/Software,Engineering
2020,,
2020,Finance,Finance
2020,,
2020,Entertainment,Tech/Software
2020,Business Consulting/Strategy,Business Consulting/Strategy
2020,Tech/Software,Tech/Software
2020,Politics/Government,Finance
2020,Tech/Software,Tech/Software
2020,,
2020,Education,Research - Interdisciplinary
2020,Finance,Finance
2020,Finance,Finance
2020,,
2020,Education,Education
2020,Engineering,Engineering
2020,Finance,Internal Communications/Management/Administration
2020,Engineering,Tech/Software
2020,Biotechnology/Pharmaceuticals,Research - Life Sciences
2020,Biotechnology/Pharmaceuticals,Marketing/Public Relations
2020,,
2020,,
2020,Engineering,Engineering
2020,Finance,Finance
2020,Tech/Software,Product & Strategy (non-technical)
2020,Tech/Software,Tech/Software
2021,Engineering,Engineering
2021,,
2021,Engineering,Engineering
2021,Tech/Software,Tech/Software
2021,Academia,Research - Interdisciplinary
2021,Engineering,Engineering
2021,Tech/Software,Marketing/Public Relations
2021,Journalism,Journalism
2021,,
2021,,
2021,Education,Marketing/Public Relations
2021,Tech/Software,Tech/Software
2021,,
2021,Engineering,Engineering
2021,,
2021,,
2021,Academia,"Research - Engineering, Computational, Mathmatical, Physical Sciences"
2021,,
2021,,
2021,,
2021,Other,Tech/Software
2021,Academia,"Research - Engineering, Computational, Mathmatical, Physical Sciences"
,,
2021,Health,Research - Life Sciences
2021,,
2021,Arts/Media,Arts/Media
2021,,
2021,,
2021,,
2021,,
2021,,
2021,Engineering,UI/UX/Product Design/CAD
2021,Education,Education
2021,Academia,Research - Life Sciences
2021,Education,Education
2021,,
2021,Tech/Software,Tech/Software
2021,,
2021,,
2021,,
2021,Engineering,Engineering
2021,,
2021,,
2021,,
2021,,
2021,,
2021,Tech/Software,Tech/Software
2021,,
2021,Politics/Government,Finance
2021,,
2021,,
2021,,
2021,,
2021,,
2021,,
2021,Other,Other
2021,Research,"Research - Engineering, Computational, Mathmatical, Physical Sciences"
2021,,
2021,,
2021,Engineering,Engineering
2021,,
2021,Engineering,Engineering
2021,Other,Other
2021,,
2021,,
2021,Academia,"Research - Engineering, Computational, Mathmatical, Physical Sciences"
2021,Politics/Government,Finance
2021,,
2021,Finance,Marketing/Public Relations
2021,Tech/Software,Product & Strategy (non-technical)
2021,,
2021,Tech/Software,Tech/Software
2021,,
2021,,
2021,Tech/Software,Tech/Software
2021,,
2021,,
2021,,
2021,Engineering,Engineering
2021,,
2021,Education,Education
2021,Academia,Research - Life Sciences
2021,,
2021,Tech/Software,Tech/Software
2021,,
2021,Other,UI/UX/Product Design/CAD
2021,Academia,Research - Life Sciences
2021,Finance,Finance
2021,Tech/Software,Product & Strategy (non-technical)
2021,,
2021,Tech/Software,Tech/Software
2021,Academia,"Research - Engineering, Computational, Mathmatical, Physical Sciences"
2021,,
2021,Education,Research - Interdisciplinary
2021,Engineering,Tech/Software
2021,Other,Tech/Software
2021,Tech/Software,Product & Strategy (non-technical)